﻿<?xml version="1.0" encoding="utf-8"?><Search><pages Count="38"><page Index="1"><![CDATA[HIBAH PMP 2024











             BUKU SAKU







              DETEKSI DINI DAN CEGAH STUNTING]]></page><page Index="2"><![CDATA[HIBAH PMP 2024


                                                cegah stunting itu penting












                           Penyusun












                                  Sinta Fitriani

                            Rikki Gita Hilmawan

                                  Ririn Yulianti

                              Erwina Sumartini

                                      Nirmala
                                Rossa Rohimah














         Buku saku]]></page><page Index="3"><![CDATA[KATA PENGANTAR












                                 Puji dan syukur kami panjatkan kepada Ilahi
                                 Robbi atas rahmat dan karuniaNya sehingga
                                 penyusun  dapat  menyelesaikan  buku  saku
                                 ini tepat pada waktuny. Solawat Serta salam
                                 tak lupa kami panjatkan kepada teladan kita

                                 Nabi Muhammad SAW beserta keluarga dan
                                 umatnya.
                                 Buku saku ini disusun untuk dijadikan sebagai
                                 sumber  informasi  tentang  seteksi  dini  dan
                                 upaya  pencegahan  stunting  baik  bagi  tim
                                 pendamping  keluarga  stunting  maupun
                                 keluarga risiko stunting.

                                 Dalam  penyusunan  buku  saku  ini  tak  lupa
                                 penulis  mengucapkan  terima  kasih  kepada
                                 Kemendikbudristek  dan  STIKes  Respati  atas
                                 dukungannya.
                                 Besar  harapan  kami,  buku  saku  ini  dapat
                                 memberikan manfaat bagi semua pihak.



                                 Tasikmalaya, September 2024
                                 penyusun
                                                                                 1]]></page><page Index="4"><![CDATA[1
                 DAFTAR ISI
                                             PENDAHULUAN





                                                    2


                                          APA ITU STUNTING?





                                                    3


                                     APA PENYEBAB STUNTING?




                                                    4



                                 BAGAIMANA DAMPAK STUNTING?




                                                    5



                                SIAPA KELUARGA RISIKO STUNTING?




                                                    6


                               BAGAIMANA MENCEGAH STUNTING?







                                                                                 2]]></page><page Index="5"><![CDATA[Buku Saku PMP 2024

           PENDAHULUAN









    Stunting  (kerdil)  merupakan  kondisi  dimana  balita  memiliki  panjang  atau  tinggi
    badan  yang  kurang  jika  dibandingkan  dengan  umur.  Kondisi  ini  diukur  dengan
    panjang  atau  tinggi  badan  yang  lebih  dari  minus  dua  standar  deviasi  median
    standar pertumbuhan anak dari WHO. Balita stunting termasuk masalah gizi kronik
    yang disebabkan oleh banyak faktor seperti kondisi sosial ekonomi, gizi ibu saat
    hamil, kesakitan pada bayi, dan kurangnya asupan gizi pada bayi. Balita stunting di
    masa yang akan datang akan mengalami kesulitan dalam mencapai perkembangan
    fisik dan kognitif yang optimal.

    Angka  stunting  di  Indonesia  masih  cukup  tinggi  yaitu  21,6%  berdasarkan  hasil
    Survei Status Gizi Indonesia (SSGI) tahun 2022, walaupun terjadi penurunan dari
    tahun sebelumnya yaitu 24,4% tahun 2021, namun masih perlu upaya besar untuk
    mencapai target penurunan stunting pada tahun 2024 sebesar 14%.

    Untuk  mencegah  terjadinya  stunting  diperlukan  penanganan  yang  komprehensif
    terhadap  semua  pihak  yang  terkait  dengan  pertumbuhan  anak  yaitu  orang  tua
    terutama  ibu,  keluarga,  lingkungan  serta  tenaga  kesehatan  dalam  melakukan
    pemantauan pertumbuhan anak. Berbagai upaya yang dilakukan oleh pemerintah
    dalam rangka menanggulangi terjadinya stunting terdapat lima pilar penanganan
    stunting  yaitu  1)  komitmen  dan  visi  pimpinan  tertinggi  Negara,  2)  kampanye
    nasional  berfokus  pada  pemahaman,  perubahan  perilaku,  komitmen  politik  dan
    akuntabilitas,  3)  konvergensi,  koordinasi,  dan  konsolidasi  program  nasional,
    daerah,  dan  masyarakat,  4)  mendorong  kebijakan  “nutritional  food  security”,  5)
    pemantauan dan evaluasi. Kelima pilar tersebut dilakukan secara terintegrasi dan
    saling terkait antar komponen.


    Buku  saku  ini  hadir  menjadi  media  informasi  dalam  deteksi  dini  dan  upaya
    pencegahan  stunting  yang  dapat  digunakan  oleh  Tim  Pendamping  Keluarga
    sebagai garda terdepan dalam deteksi dini dan pelaksana intervensi serta sasaran
    keluarga  risiko  stunting.  Selain  itu  buku  ini  juga  dapat  digunakan  oleh  keluarga
    risiko stunting

                                                                                 3]]></page><page Index="6"><![CDATA[APA ITU




     STUNTING ?









              Menurut  WHO  (2020),  stunting  adalah
              pendek  atau  sangat  pendek  berdasarkan

              panjang  /  tinggi  badan  menurut  usia  yang
              kurang  dari  -2  standar  deviasi  (sd)  pada

              kurva  pertumbuhan  WHO  yang  terjadi
              dikarenakan  kondisi  irreversibel  akibat

              asupan nutrisi yang tidak adekuat dan/atau
              infeksi berulang / kronis yang terjadi dalam

              1000 HPK.



              Menurut  Kemenkes  RI,  stunting  adalah

              kondisi  gagal  tumbuh  pada  anak  balita

              (bayi  di  bawah  lima  tahun)  akibat  dari
              kekurangan  gizi  kronis  sehingga  anak

              terlalu pendek untuk usianya.












                                                                                 4]]></page><page Index="7"><![CDATA[GIZI BURUK

                                    Gizi  buruk  pada  ibu  dan  anak
                                    merupakan           salah       satu
                                    penyebab stunting.



                                    PENYAKIT INFEKSI YANG

                                    BERULANG

                                    Penyakit infeksi berulang dapat
                                    menyebabkan  stunting  karena
                                    dapat                menyebabkan
                                    kekurangan gizi pada anak.
                                    Penyakit       infeksi      penyerta
                                    stunting adalah ISPA dan diare



                                    KURANGNYA STIMULASI

                                    SOSIAL
                                    Stimulasi       psikososial      yang
                                    konsisten       dan       penguatan
                                    bonding      dengan      orang     tua
      APA                           mengalami     dan       berkembang
                                    dapat  membantu  anak  yang
                                                                    untuk
                                                      stunting
                                    tumbuh
      PENYEBAB
                                    optimal.



      STUNTING?







                                                                                 5]]></page><page Index="8"><![CDATA[BAGAIMANA



         DAMPAK



         STUNTING?










        1. Dalam jangka pendek
        Stunting dapat menyebabkan anak lebih mudah sakit
        karena  kurangnya  zat  gizi  yang  dibutuhkan  untuk
        melindungi tubuhnya




        2. Dalam jangka panjang
            Postur  tubuh  yang  tidak  optimal,  lebih  pendek
            daripada orang seusianya
            Meningkatkan  risiko  obesitas  dan  penyakit  tidak
            menular  (PTM)  seperti  hipertensi,  penyakit  jantung,
            diabetes, dan kanker
            Menurunnya kesehatan reproduksi
            Kurangnya  potensi  kognitif,  seperti  kemampuan
            belajar dan berpikir
            Masalah  pada  pemusatan  perhatian,  memori,  dan
            proses pembelajaran

            Kapasitas kerja dan produktivitas yang tidak optimal
        .



                                                                                 6]]></page><page Index="9"><![CDATA[SIAPA SAJA KELUARGA


                  RISIKO STUNTING?




         K E L U A R G A   Y A N G   M E M I L I K I
         B A D U T A   D A N   B A L I T A
           1. Keluarga  yang  memiliki
             anak usia 0–23 bulan
           2. Keluarga  yang  memiliki
             anak usia 24–59 bulan







                                               C A T I N   D A N   I B U   H A M I L
                                               1.  Keluarga  yang  memiliki
                                               anak remaja putri atau calon
                                               pengantin
                                               2.  Keluarga  yang  memiliki
                                               ibu hamil





         K E L U A R G A   L A I N N Y A


       Keluarga     miskin,   keluarga
       pendidikan  orang  tua  rendah,
       serta keluarga dengan sanitasi
       buruk dan memiliki air minum
       tidak  layak  serta  merokok  di
       dalam rumah







                                                                                 7]]></page><page Index="10"><![CDATA[BADUTA  RISIKO


                STUNTING






          Baduta  berisiko  stunting  adalah  anak  di  bawah  usia  dua
          tahun  (0–23  bulan)  yang  memiliki  faktor  risiko  stunting  :
          Keluarga  miskin,  Pendidikan  orang  tua  rendah,  Sanitasi
          lingkungan buruk.




                                           beberapa        kondisi     yang
                                           dapat  meningkatkan  risiko
                                           stunting                 adalah:
                                           Penelantaran,               Tidak
                                           mendapatkan  ASI  eksklusif,
                                           Mengonsumsi  MPASI  yang
                                           berkualitas  buruk,  Menderita
                                           penyakit  yang  menghalangi
                                           penyerapan nutrisi.





          MEMASTIKAN  PERTUMBUHAN  DAN  PERKEMBANGAN
          BALITA  DENGAN  RUTIN  DATANG    KE  POSYANDU  DAN
          MEMBACA BUKU KIA SEBAGAI MEDIA INFORMASI












                                                                                 8]]></page><page Index="11"><![CDATA[PENGUKURAN BERAT BADAN
























                         PENGUKURAN TINGGI BADAN















                                                                                 9]]></page><page Index="12"><![CDATA[REMAJA  ATAU



         CALON PENGANTIN



         RISIKO





          Calon  pengantin  (catin)  memiliki  peran  penting  dalam
          pencegahan  stunting.  Hal  ini  karena  catin  merupakan
          fondasi awal dari kehidupan keluarga dan anak. Catin yang
          memiliki status gizi baik dan menerapkan gaya hidup sehat
          akan  lebih  siap  untuk  menjalani  kehamilan  dan  melahirkan
          anak yang sehat


          Remaja putri  dan catin yang melaksanakan pernikahan dini,
          status  gizi  kurang,  memiliki  gaya  hidup  tidak  sehat  dan
          terpapar asap rokok merupakan kelompok risiko stunting



                                                                               10]]></page><page Index="13"><![CDATA[IBU HAMIL


             BERISIKO STUNTING






                       Kekurangan Energi Kronik


                       Kurang Energi Kronis (KEK) pada ibu hamil
                       adalah  kondisi  gizi  buruk  yang  terjadi
                       akibat  defisit  kalori  dan  protein  yang
                       berkepanjangan


                       Anemia

                       stunting  ternyata  juga  berkaitan  erat
                       dengan  anemia  karena  defisiensi  zat

                       besi  merupakan  salah  satu  penyebab
                       stunting


                       Ibu hamil yang mengalami
                       infeksi


                       Infeksi  yang  terjadi  selama  kehamilan
                       dapat menghambat pertumbuhan janin


                       Ibu hamil yang terpapar
                       asap rokok


                       paparan  asap  rokok  pada  ibu  hamil  dapat
                       menyebabkan stunting pada anak                          11]]></page><page Index="14"><![CDATA[Baduta Risiko



         Stunting


















          01                                 02
         Kurang gizi                         Penyakit Infeksi
         Dampak  Stunting  umumnya  terjadi
         karena  diakibatkan  oleh  kurangnya  penyakit     infeksi      dapat
         asupan  nutrisi  pada  1.000  hari  menyebabkan  stunting,  seperti:
         pertama  anak.  Hitungan  1.000  hari  Diare,  Infeksi  Saluran  Pernapasan
         di  sini  dimulai  sejak  janin  sampai  Atas (ISPA), Kecacingan, TBC
         anak berusia 2 tahun.













          03                     04                      05

         Imuniasasi tidak       Kondisi sosial ekonomi  Terpapar asap rokok
         lengkap
                                Keluarga    dengan      anak-anak           yang
         Anak    yang   tidak   sosial     ekonomi      terpapar    asap   rokok
         diimunisasi   lengkap  rendah   cenderung      memiliki  tinggi  badan
         memiliki risiko 4,9 kali  memiliki             yang     lebih    rendah
         lebih   tinggi   untuk  keterbatasan   akses   dibandingkan anak-anak
         mengalami   stunting   terhadap   makanan
         dibandingkan    anak   bergizi,  air  bersih,  yang    tidak   terpapar
         yang      diimunisasi  layanan  kesehatan,     asap rokok.
         lengkap                dan  sanitasi  yang                        12
                                baik.                                          12]]></page><page Index="15"><![CDATA[Bagaimana cara

          mengetahui status gizi


          remaja,catin dan ibu hamil ?









                                   01       Pengukuran             indeks
                                            massa tubuh


                                  Untuk menghitung Indeks Massa Tubuh
                                  (IMT), Anda bisa menggunakan rumus
                                  berikut:
                                      IMT = berat badan (kg) : tinggi badan
                                      (m)²







                                    02       Mengukur Lingkar
                                             Lengan Atas

                                   Batas  nilai  normal  yang  ditetapkan
                                   oleh  Kementerian  Kesehatan  RI
                                   untuk pengkuran LiLA yaitu 23,5 cm.
                                   Oleh  karena  itu,  berdasarkan  nilai
                                   LILA  tersebut,  jika  seorang  wanita
                                   atau  ibu  hamil  memiliki  LILA  yang
                                   kurang  dari  23,5  cm,  ia  dianggap
                                   memiliki status gizi yang kurang dan
                                   mengalami KEK.







         9
                                                                               13]]></page><page Index="16"><![CDATA[Bagaimana
                                           mengetahui

                                           status gizi balita?















              1       Membandingkan  hasil  pengukuran
                      berat  badan  dan  panjang/tinggi

                      badan




                      Memanfaatkan pelayanan posyandu
              2       untuk  deteksi  dini  permasalahan

                      tumbuh kembang balita











                                                                               14]]></page><page Index="17"><![CDATA[Bagaimana                                             cara

         mencegah  stunting  pada

         saat remaja atau catin ?







                                Menerapkan              gaya        hidup

                                sehat


                                Seimbangkan  menu  makanan  sehari-hari  dengan
                                memperbanyak  konsumsi  makanan  sehat  dan
                                bergizi.  Makanan  sumber  protein  seperti  daging
                                ayam,  telur,  dan  daging  sapi,  serta  makanan  kaya
                                vitamin dan mineral seperti ikan, kacang-kacangan,
                                susu, dan buah-buahan dapat membantu.



                                Konsumsi            tablet        tambah
                                darah


                                Pemberian  tablet  penambah  darah  untuk
                                remaja  putri  dapat  membantu  mencegah
                                stunting karena kebutuhan vitamin dan zat besi
                                meningkat saat masa pertumbuhan.






                               Merencanakan                    kehamilan
                               dengan baik


                               merencanakan  kehamilan  dengan  baik
                               dapat membantu mencegah stunting

                                                                               15]]></page><page Index="18"><![CDATA[BAGAIMANA CARA

         MENCEGAH STUNTING

         PADA IBU HAMIL?




       PEMERIKSAAN
       KEHAMILAN


   Pemeriksaan  ante  natal

   care  dilakukan  minimal

   6 kali selama kehamilan





                                                mengonsumsi
                                               makanan yang
                                                     bergizi dan
                                                       seimbang



                                 Asupan  protein  hewani  pada  ibu

                                 hamil       sangat         penting        dalam
                                 mencegah  stunting  pada  janin  yang

                                 dikandungnya





         Hidup sehat



     Olahraga, jaga kebersihan diri

     dan lingkungan, istirahat cukup

     dan terhindar dari asap rokok
                                                                               16]]></page><page Index="19"><![CDATA[Bagaimana cara

     mencegah stunting


     pada saat bayi dan


     balita ?







        Beri ASI Eksklusif sampai bayi        Terus  memantau  tumbuh
         berusia 6 bulan                      kembang anak

        Pemberian       ASI    eksklusif      Pemantauan  balita  rutin

        dapat membantu mencegah               dan  pencegahan  stunting
        stunting  pada  bayi.  ASI            dapat  dilakukan  dengan
        memiliki    komposisi      yang       berbagai cara
        tepat     untuk      memenuhi             Kunjungan         rutin     ke

        kebutuhan  bayi  dalam  6                 posyandu
        bulan     pertama       setelah           Memantau             tumbuh
        kelahirannya                              kembang anak
                                                  Imunisasi rutin
       Dampingi  ASI  dengan                      Membiasakan  perilaku
       MPASI sehat                                hidup bersih dan sehat

       Pemberian  MPASI  yang  tepat          Hindari asap rokok
       dapat     mendukung       tumbuh
       kembang  anak  dan  mencegah           Paparan  asap  rokok  yang
       stunting,                              lama  lebih  dari  3  jam  per
       Persyaratan  yaitu  tepat  waktu,      hari  dapat  meningkatkan

       bergizi  lengkap,  cukup  dan          risiko  terjadinya  stunting
       seimbang,        aman       serta      sebesar 10,316 kali
       diberikan  dengan  cara  yang
       benar.

                                                                               17]]></page><page Index="20"><![CDATA[ASI


   EKSKLUSIF









                                       World  Health  Organization  (WHO)  dan
                                       UNICEF  merekomendasikan  pemberian  ASI
                                       eksklusif  selama  6  bulan  pertama  kehidupan
                                       bayi untuk mencegah stunting

                                       Pada bayi usia 0-6 bulan, Ibu bisa memberikan
                                       ASI  eksklusif,  berikan  ASI  yang  pertama
                                       keluar  dan  berwarna  kekuningan  (kolostrum),
                                       jangan pernah memberikan makanan/minuman
                                       selain ASI, dan susui bayi paling sedikit 8 kali
                                       sehari.


































                                                                               18]]></page><page Index="21"><![CDATA[MP ASI SEHAT

























            tepat waktu                              gizi lengkap
       Makanan  pendamping  ASI  bisa
       dimulai  pada  saat  bayi  sudah      MPASI  yang  lengkap  penting
       menunjukan  tanda  siap  makan.       untuk  bayi  karena  mengandung
       Bayi   biasanya     sudah    bisa     zat-zat  gizi  yang  dibutuhkan
       mengonsumsi  MPASI  pada  usia        tubuhnya  seiring  bertambahnya
       6 bulan.                              usia















                                           aman dan tepat cara pemberian
              seimbang

       Pemberian               Makanan         MPASI  harus  aman  dan  higienis
       Pendamping  ASI  (MPASI)  yang          untuk   mencegah      kontaminasi
       seimbang      penting     karena        bakteri,  parasit,  atau  virus  yang
       membantu  bayi  mendapatkan             dapat  menyebabkan  penyakit
       nutrisi  yang  dibutuhkan  untuk        pada anak.
       tumbuh dan berkembang:                                                  19]]></page><page Index="22"><![CDATA[P A N G A N   P E N C E G A H A N   D A N   P E N A N G A N A N
      S T U N T I N G



            Mengapa harus makan



            telur?






















        Pemberian  telur  2  butir  sehari  pada  Balita  dapat
        mencegah risiko Stunting.



        Zat  besi  dalam  telur  dapat  membantu  meningkatkan
        kadar       hemoglobin,          sehingga        dapat       membantu

        mengatasi anemia pada remaja maupun ibu hamil


        Kandungan  Telur  :  Protein,  Vitamin  B  dan  D,  Zat  besi

        serta kolin


        Hal keliru dalam mengolah telur :

      1. Mencuci sebelum di masukan kulkas
      2.Menggoreng terlalu matang
      3.Merebus setengah matang


                                                                               20]]></page><page Index="23"><![CDATA[P A N G A N   P E N C E G A H A N   D A N   P E N A N G A N A N
      S T U N T I N G



            Mengapa harus makan



            Daging ayam?





























       Kandungan  protein,  zat  besi,  magnesium,  vitamin,

       dan  fosfor  pada  daging  ayam  sangat  penting
       untuk mendukung tumbuh kembang.



       Protein  hewani,  seperti  daging  ayam,  berperan
       penting dalam mencegah stunting



       Daging ayam dapat membantu mencegah anemia

       karena  mengandung  zat  besi  yang  baik  untuk
       meningkatkan kadar hemoglobin (Hb) dalam darah.



                                                                               21]]></page><page Index="24"><![CDATA[P A N G A N   P E N C E G A H A N   D A N   P E N A N G A N A N
      S T U N T I N G



            Mengapa harus makan



            lele?





























      Ikan Lele memiliki kandungan gizi yang baik terutama

      zat besi, folat dan protein untuk mencegah stunting.



      Menurut Kemenkes, lele dapat dijadikan menu MPASI
      bagi  balita  dengan  manfaat  sebagai  sumber  asam

      lemak omega-3.



      Ikan lele dapat membantu mencegah anemia karena
      mengandung zat besi dan vitamin B12, yang berperan
      penting dalam pembentukan sel darah merah



                                                                               22]]></page><page Index="25"><![CDATA[P A N G A N   P E N C E G A H A N   D A N   P E N A N G A N A N
      S T U N T I N G



            Mengapa harus makan



            tempe ?


























         Tempe  dapat  membantu  mencegah  stunting
         karena kandungan proteinnya yang tinggi



         Kandungan protein, zat besi, dan kalsium  dalam
         tempe  lebih  tinggi  dibanding  daging  sapi

         sehingga  sangat  baik  dikonsumsi  ibu  hamil  dan
         anak balita untuk mencegah stunting.



         Tempe  dapat  membantu  mengatasi  anemia

         karena  mengandung  zat  gizi  yang  dibutuhkan
         untuk  menanggulangi  anemia,  seperti  zat  besi,

         vitamin B12, dan asam folat.

                                                                               23]]></page><page Index="26"><![CDATA[P A N G A N   P E N C E G A H A N   D A N   P E N A N G A N A N
      S T U N T I N G



         Mengapa harus makan



         Hati ayam?




























        Hati  ayam  dapat  membantu  mencegah  anemia

        karena  mengandung  zat  besi  yang  dibutuhkan
        untuk  membuat  hemoglobin,  protein  yang
        membawa oksigen ke sel-sel tubuh



        Hati ayam adalah sumber terbaik zat besi untuk

        bayi.  Bahkan,  kandungan  zat  besi  hati  ayam
        lebih tinggi dari daging sapi.









                                                                               24]]></page><page Index="27"><![CDATA[P A N G A N   P E N C E G A H A N   D A N   P E N A N G A N A N
      S T U N T I N G



         Mengapa harus makan



         bayam?























         Bayam dapat membantu mencegah stunting karena
         mengandung  banyak  nutrisi  yang  penting  untuk
         tumbuh kembang anak, seperti vitamin, mineral, dan
         asam amino esensial



         Bayam  yang  dikonsumsi  oleh  ibu  hamil,  ibu  nifas
         atau  menyusui,  serta  baduta  dapat  Mencegah
         Stunting       Di     1000     Hari     Pertama        Kehidupan,

         mencegah           Anemia        Pada       Ibu     Hamil,       Dan
         Memperlancar ASI Pada Ibu Nifas / Menyusui.


         Bayam  dapat  membantu  mencegah  anemia  karena
         mengandung  zat  besi  yang  tinggi  dan  vitamin  B

         kompleks.  Zat  besi  dalam  bayam  berguna  untuk
         pembentukan kadar hemoglobin dalam darah
                                                                               25]]></page><page Index="28"><![CDATA[P E N G O L A H A N   B A H A N   M A K A N A N








                  Bagaimana cara  tepat


                       menyimpan telur?



















































                                                                               26]]></page><page Index="29"><![CDATA[P E N G O L A H A N   B A H A N   M A K A N A N








                  Bagaimana cara  tepat


             menyimpan daging ayam?



















































                                                                               27]]></page><page Index="30"><![CDATA[P E N G O L A H A N   B A H A N   M A K A N A N








                  Bagaimana cara  tepat


                     mengolah ikan lele?



















































                                                                               28]]></page><page Index="31"><![CDATA[P E N G O L A H A N   B A H A N   M A K A N A N








                  Bagaimana cara  tepat


                   mengolah hati ayam?



















































                                                                               29]]></page><page Index="32"><![CDATA[P E N G O L A H A N   B A H A N   M A K A N A N








                  Bagaimana cara  tepat


                       mengolah bayam?



















































                                                                               30]]></page><page Index="33"><![CDATA[Cara mengolah telur untuk  mencegah stunting






          RESEP




          KUDAPAN





          DARI  TELUR











































                                                                               31]]></page><page Index="34"><![CDATA[Cara mengolah ayam untuk  mencegah stunting






          RESEP




          KUDAPAN DARI




          DAGING AYAM












































                                                                               32]]></page><page Index="35"><![CDATA[Cara mengolah tempe untuk  mencegah stunting






          RESEP




         KUDAPAN




         TEMPE












































                                                                               33]]></page><page Index="36"><![CDATA[Cara mengolah hati ayam untuk  mencegah
     stunting




          RESEP




         KUDAPAN HATI




         AYAM












































                                                                               34]]></page><page Index="37"><![CDATA[Cara mengolah hati ayam untuk  mencegah
     stunting




          RESEP




          KUDAPAN IKAN




          LELE












































                                                                               35]]></page><page Index="38"><![CDATA[DAFTAR

                    PUSTAKA




   1.    Kementerian  Koordinator  Bidang  Pembangunan  Manusia  dan
   Kebudayaan.  Strategi  Nasional  Percepatan  Pencegahan  Anak  Kerdil
   (Stunting)  Periode  2018-  2024.  Jakarta:  Sekretariat  Wakil  Presiden
   Republik Indonesia ; 2018.
   2.  Pusat Data dan Informasi. Situasi Balita Pendek (Stunting) di Indonesia.
   Jakarta: Kemenkes RI; 2018.
   3.  BKKBN. Panduan Pelaksanaan Pendampingan Keluarga dalam Upaya
   Percepatan  PenurunanStunting  di  TingkatDesa/Kelurahan.  Jakarta:
   Ditbinlap; 2021.
   4.    Bupati  Tasikmalaya.  Surat  Keputusan  Bupati  Tasikmalaya  Nomor
   460/Kep.257-         DinsosPPKBP3A/2023             tentang       penetapan
   lokusstunting.Tasikmalaya; 2023.
   5.  Puskesmas Singaparna. Laporan Puskesmas Singaparna Tahun 2021 –
   2023.Tasikmalaya; 2021-2023.
   6.    Fitriani  Sinta,  dkk.  Laporan  Pengabdian  Kepada  Masyarakat  Pemula
   ‘Pemberdayaan  TPK  melaluipemodelan  imah  gizi  dilokus  stunting”.
   Kabupaten Tasikmalaya; 2023.
   7.  Fitriani Sinta. Laporan penelitian Evaluasi kinerja TPK di Desa Cikunir.
   KabupatenTasikmalaya ; 2023
   8.  Kemenkes  RI  .  Buletin  Stunting.  Kementrian  Kesehatan  Republik
   Indonesia. 2018
   9.  Fauziatin  N,  Kartini  A,  Nugraheni  S.  Pengaruh  Pendidikan  Kesehatan
   dengan  Media  Lembar  Balik  Tentang  Pencegahan  Stunting  Pada  Calon
   Pengantin. J Kesehat Masy. 2019;18(2):224–33
   10.  Nuraeni  I,  Diana  H.  Karakteristik  Ibu  Hamil  dan  Kaitannya  Dengan
   Kejadian Stunting Pada Balita di Kecamatan Tamansari Kota Tasikmalaya.
   Media Inf. 2019;15(1):14
   11.  Widyaningsih, N. N., Kusnandar & Anantanyu, S. Keragaman Pangan , Pola Asuh Makan
   dan Kejadian Stunting Pada Balita Usia 24-59 Bulan. J. Gizi Indones. 7, 22–29 (2018).
   12.  Sari,  S.  P.  (2017).  Konsumsi  rokok  dan  tinggi  badan  orangtua  sebagai  faktor  risiko
   stunting  anak  usia  6-24  bulan  di  perkotaan.  Ilmu  Gizi  Indonesia,  01(1),  1–9.
   http://ilgi.respati.ac.id/index.php/ilgi2017/article/view/6



                                                                               36]]></page></pages></Search>